,name,rating,volumes,date,url
0,Berserk,9.47,Manga (? vols),Aug 1989 -,https://myanimelist.net/manga/2/Berserk
1,JoJo no Kimyou na Bouken Part 7: Steel Ball Run,9.30,Manga (24 vols),Jan 2004 - Apr 2011,https://myanimelist.net/manga/1706/JoJo_no_Kimyou_na_Bouken_Part_7__Steel_Ball_Run
2,Vagabond,9.23,Manga (37 vols),Sep 1998 - May 2015,https://myanimelist.net/manga/656/Vagabond
3,One Piece,9.21,Manga (? vols),Jul 1997 -,https://myanimelist.net/manga/13/One_Piece
4,Monster,9.15,Manga (18 vols),Dec 1994 - Dec 2001,https://myanimelist.net/manga/1/Monster
5,Slam Dunk,9.08,Manga (31 vols),Sep 1990 - Jun 1996,https://myanimelist.net/manga/51/Slam_Dunk
6,Fullmetal Alchemist,9.04,Manga (27 vols),Jul 2001 - Sep 2010,https://myanimelist.net/manga/25/Fullmetal_Alchemist
7,Vinland Saga,9.04,Manga (? vols),Apr 2005 -,https://myanimelist.net/manga/642/Vinland_Saga
8,Grand Blue,9.03,Manga (? vols),Apr 2014 -,https://myanimelist.net/manga/70345/Grand_Blue
9,Oyasumi Punpun,9.02,Manga (13 vols),Mar 2007 - Nov 2013,https://myanimelist.net/manga/4632/Oyasumi_Punpun
10,Kingdom,9.00,Manga (? vols),Jan 2006 -,https://myanimelist.net/manga/16765/Kingdom
11,Houseki no Kuni,8.96,Manga (? vols),Oct 2012 -,https://myanimelist.net/manga/44489/Houseki_no_Kuni
12,20th Century Boys,8.95,Manga (22 vols),Sep 1999 - Apr 2006,https://myanimelist.net/manga/3/20th_Century_Boys
13,Ashita no Joe,8.94,Manga (20 vols),Jan 1968 - May 1973,https://myanimelist.net/manga/1303/Ashita_no_Joe
14,Monogatari Series: First Season,8.93,Light Novel (6 vols),Nov 2006 - Jul 2010,https://myanimelist.net/manga/14893/Monogatari_Series__First_Season
15,Real,8.92,Manga (? vols),Oct 1999 -,https://myanimelist.net/manga/657/Real
16,Kaguya-sama wa Kokurasetai: Tensai-tachi no Renai Zunousen,8.92,Manga (28 vols),May 2015 - Nov 2022,https://myanimelist.net/manga/90125/Kaguya-sama_wa_Kokurasetai__Tensai-tachi_no_Renai_Zunousen
17,Mikkakan no Koufuku,8.92,Novel (1 vols),Dec 2013 - Dec 2013,https://myanimelist.net/manga/126479/Mikkakan_no_Koufuku
18,Monogatari Series: Second Season,8.91,Light Novel (6 vols),Oct 2010 - Dec 2011,https://myanimelist.net/manga/23751/Monogatari_Series__Second_Season
19,Youkoso Jitsuryoku Shijou Shugi no Kyoushitsu e,8.89,Light Novel (14 vols),May 2015 - Sep 2019,https://myanimelist.net/manga/89357/Youkoso_Jitsuryoku_Shijou_Shugi_no_Kyoushitsu_e
20,GTO,8.89,Manga (25 vols),Dec 1996 - Jan 2002,https://myanimelist.net/manga/336/GTO
21,Yotsuba to!,8.88,Manga (? vols),Mar 2003 -,https://myanimelist.net/manga/104/Yotsuba_to
22,3-gatsu no Lion,8.88,Manga (? vols),Jul 2007 -,https://myanimelist.net/manga/1224/3-gatsu_no_Lion
23,Youkoso Jitsuryoku Shijou Shugi no Kyoushitsu e: 2-nensei-hen,8.88,Light Novel (? vols),Jan 2020 -,https://myanimelist.net/manga/123992/Youkoso_Jitsuryoku_Shijou_Shugi_no_Kyoushitsu_e__2-nensei-hen
24,Monogatari Series: Final Season,8.86,Light Novel (6 vols),Sep 2012 - Sep 2014,https://myanimelist.net/manga/44227/Monogatari_Series__Final_Season
25,Koe no Katachi,8.86,Manga (7 vols),Aug 2013 - Nov 2014,https://myanimelist.net/manga/56805/Koe_no_Katachi
26,Haikyuu!!,8.84,Manga (45 vols),Feb 2012 - Jul 2020,https://myanimelist.net/manga/35243/Haikyuu
27,Akatsuki no Yona,8.83,Manga (? vols),Aug 2009 -,https://myanimelist.net/manga/21525/Akatsuki_no_Yona
28,Umineko no Naku Koro ni Chiru - Episode 8: Twilight of the Golden Witch,8.83,Manga (9 vols),Jan 2012 - Jun 2015,https://myanimelist.net/manga/34053/Umineko_no_Naku_Koro_ni_Chiru_-_Episode_8__Twilight_of_the_Golden_Witch
29,Ookami to Koushinryou,8.83,Light Novel (? vols),Feb 2006 -,https://myanimelist.net/manga/9115/Ookami_to_Koushinryou
30,Kaze no Tani no Nausicaä,8.82,Manga (7 vols),Oct 1982 - Feb 1994,https://myanimelist.net/manga/651/Kaze_no_Tani_no_Nausicaä
31,86,8.81,Light Novel (? vols),Feb 2017 -,https://myanimelist.net/manga/104039/86
32,"Jumyou wo Kaitotte Moratta. Ichinen ni Tsuki, Ichimanen de.",8.79,Manga (3 vols),Aug 2016 - Oct 2017,https://myanimelist.net/manga/100448/Jumyou_wo_Kaitotte_Moratta_Ichinen_ni_Tsuki_Ichimanen_de
33,Re:Zero kara Hajimeru Isekai Seikatsu,8.79,Light Novel (? vols),Jan 2014 -,https://myanimelist.net/manga/74697/Re_Zero_kara_Hajimeru_Isekai_Seikatsu
34,Mushoku Tensei: Isekai Ittara Honki Dasu,8.78,Light Novel (26 vols),Jan 2014 - Nov 2022,https://myanimelist.net/manga/70261/Mushoku_Tensei__Isekai_Ittara_Honki_Dasu
35,Nana,8.78,Manga (21 vols),May 2000 - May 2009,https://myanimelist.net/manga/28/Nana
36,Uchuu Kyoudai,8.78,Manga (? vols),Dec 2007 -,https://myanimelist.net/manga/14483/Uchuu_Kyoudai
37,Yahari Ore no Seishun Love Comedy wa Machigatteiru.,8.77,Light Novel (18 vols),Mar 2011 - Apr 2021,https://myanimelist.net/manga/40171/Yahari_Ore_no_Seishun_Love_Comedy_wa_Machigatteiru
38,Made in Abyss,8.77,Manga (? vols),Oct 2012 -,https://myanimelist.net/manga/91941/Made_in_Abyss
39,Chainsaw Man,8.75,Manga (? vols),Dec 2018 -,https://myanimelist.net/manga/116778/Chainsaw_Man
40,One Punch-Man,8.75,Manga (? vols),Jun 2012 -,https://myanimelist.net/manga/44347/One_Punch-Man
41,Hunter x Hunter,8.73,Manga (? vols),Mar 1998 -,https://myanimelist.net/manga/26/Hunter_x_Hunter
42,Mushishi,8.72,Manga (10 vols),Nov 1999 - Aug 2008,https://myanimelist.net/manga/418/Mushishi
43,Honzuki no Gekokujou: Shisho ni Naru Tame ni wa Shudan wo Erandeiraremasen,8.72,Light Novel (? vols),Jan 2015 -,https://myanimelist.net/manga/86119/Honzuki_no_Gekokujou__Shisho_ni_Naru_Tame_ni_wa_Shudan_wo_Erandeiraremasen
44,Utsuro no Hako to Zero no Maria,8.71,Light Novel (7 vols),Jan 2009 - Jun 2015,https://myanimelist.net/manga/55215/Utsuro_no_Hako_to_Zero_no_Maria
45,Hajime no Ippo,8.71,Manga (? vols),Sep 1989 -,https://myanimelist.net/manga/7/Hajime_no_Ippo
46,Kokou no Hito,8.71,Manga (17 vols),Nov 2007 - Oct 2011,https://myanimelist.net/manga/7375/Kokou_no_Hito
47,Sayonara Eri,8.71,Manga (1 vols),Apr 2022 - Apr 2022,https://myanimelist.net/manga/145863/Sayonara_Eri
48,Shoujo Shuumatsu Ryokou,8.70,Manga (6 vols),Feb 2014 - Jan 2018,https://myanimelist.net/manga/72467/Shoujo_Shuumatsu_Ryokou
49,Death Note,8.70,Manga (12 vols),Dec 2003 - May 2006,https://myanimelist.net/manga/21/Death_Note
50,Beck,8.69,Manga (34 vols),Feb 2000 - Jun 2008,https://myanimelist.net/manga/145/Beck
51,Kono Oto Tomare!,8.69,Manga (? vols),Aug 2012 -,https://myanimelist.net/manga/45143/Kono_Oto_Tomare
52,Yokohama Kaidashi Kikou,8.68,Manga (14 vols),Apr 1994 - Feb 2006,https://myanimelist.net/manga/4/Yokohama_Kaidashi_Kikou
53,Akira,8.68,Manga (6 vols),Dec 1982 - Jun 1990,https://myanimelist.net/manga/664/Akira
54,Dorohedoro,8.68,Manga (23 vols),Nov 2000 - Sep 2018,https://myanimelist.net/manga/1133/Dorohedoro
55,Solo Leveling,8.68,Manhwa (? vols),Mar 2018 - May 2023,https://myanimelist.net/manga/121496/Solo_Leveling
56,The Horizon,8.68,Manhwa (3 vols),Mar 2016 - Jul 2016,https://myanimelist.net/manga/125036/The_Horizon
57,"""Oshi no Ko""",8.67,Manga (? vols),Apr 2020 -,https://myanimelist.net/manga/126146/Oshi_no_Ko
58,Yagate Kimi ni Naru,8.67,Manga (8 vols),Apr 2015 - Sep 2019,https://myanimelist.net/manga/88660/Yagate_Kimi_ni_Naru
59,Kozure Ookami,8.66,Manga (28 vols),Sep 1970 - Apr 1976,https://myanimelist.net/manga/904/Kozure_Ookami
60,Natsume Yuujinchou,8.66,Manga (? vols),Jun 2003 -,https://myanimelist.net/manga/1859/Natsume_Yuujinchou
61,Zaregoto Series,8.65,Light Novel (? vols),Feb 2002 -,https://myanimelist.net/manga/9726/Zaregoto_Series
62,Shinyaku Toaru Majutsu no Index,8.65,Light Novel (23 vols),Mar 2011 - Jul 2019,https://myanimelist.net/manga/24875/Shinyaku_Toaru_Majutsu_no_Index
63,Blue Period,8.65,Manga (? vols),Jun 2017 -,https://myanimelist.net/manga/107931/Blue_Period
64,ReLIFE,8.65,Manga (15 vols),Oct 2013 - Mar 2018,https://myanimelist.net/manga/78523/ReLIFE
65,Overlord,8.65,Light Novel (? vols),Jul 2012 -,https://myanimelist.net/manga/81669/Overlord
66,Kimi no Suizou wo Tabetai,8.65,Novel (1 vols),Jun 2015 - Jun 2015,https://myanimelist.net/manga/117077/Kimi_no_Suizou_wo_Tabetai
67,Koten-bu Series,8.64,Novel (? vols),Oct 2001 -,https://myanimelist.net/manga/35513/Koten-bu_Series
68,Violet Evergarden,8.64,Light Novel (2 vols),Dec 2015 - Dec 2016,https://myanimelist.net/manga/98930/Violet_Evergarden
69,JoJo no Kimyou na Bouken Part 9: The JoJoLands,8.63,Manga (? vols),Feb 2023 -,https://myanimelist.net/manga/139629/JoJo_no_Kimyou_na_Bouken_Part_9__The_JoJoLands
70,Aria,8.63,Manga (12 vols),Feb 2002 - Feb 2008,https://myanimelist.net/manga/81/Aria
71,Kino no Tabi: The Beautiful World,8.63,Light Novel (? vols),Mar 2000 -,https://myanimelist.net/manga/399/Kino_no_Tabi__The_Beautiful_World
72,Banana Fish,8.63,Manga (19 vols),Apr 1985 - Mar 1994,https://myanimelist.net/manga/756/Banana_Fish
73,Golden Kamuy,8.63,Manga (31 vols),Aug 2014 - Apr 2022,https://myanimelist.net/manga/85968/Golden_Kamuy
74,Kono Subarashii Sekai ni Shukufuku wo!,8.62,Light Novel (17 vols),Oct 2013 - May 2020,https://myanimelist.net/manga/60553/Kono_Subarashii_Sekai_ni_Shukufuku_wo
75,"Umarekawattemo Mata, Watashi to Kekkon shitekuremasu ka",8.62,Manga (4 vols),Oct 2017 - Sep 2019,https://myanimelist.net/manga/114043/Umarekawattemo_Mata_Watashi_to_Kekkon_shitekuremasu_ka
76,Fata Morgana no Yakata: Anata no Genten ni Itaru Monogatari,8.62,Light Novel (5 vols),Aug 2014 - Jan 2016,https://myanimelist.net/manga/102875/Fata_Morgana_no_Yakata__Anata_no_Genten_ni_Itaru_Monogatari
77,Gintama,8.62,Manga (77 vols),Dec 2003 - Jun 2019,https://myanimelist.net/manga/44/Gintama
78,Pluto,8.61,Manga (8 vols),Sep 2003 - Apr 2009,https://myanimelist.net/manga/745/Pluto
79,Sousou no Frieren,8.61,Manga (? vols),Apr 2020 -,https://myanimelist.net/manga/126287/Sousou_no_Frieren
80,Mob Psycho 100,8.61,Manga (16 vols),Apr 2012 - Dec 2017,https://myanimelist.net/manga/60783/Mob_Psycho_100
81,Seishun Buta Yarou Series,8.60,Light Novel (? vols),Apr 2014 -,https://myanimelist.net/manga/70399/Seishun_Buta_Yarou_Series
82,Bungou Stray Dogs: Beast,8.60,Manga (4 vols),Dec 2019 - Jan 2022,https://myanimelist.net/manga/123006/Bungou_Stray_Dogs__Beast
83,Kaoru Hana wa Rin to Saku,8.60,Manga (? vols),Oct 2021 -,https://myanimelist.net/manga/144267/Kaoru_Hana_wa_Rin_to_Saku
84,Hi no Tori (1967),8.60,Manga (16 vols),Dec 1966 - Feb 1988,https://myanimelist.net/manga/1325/Hi_no_Tori_1967
85,Ao Ashi,8.60,Manga (? vols),Jan 2015 -,https://myanimelist.net/manga/102256/Ao_Ashi
86,Tongari Boushi no Atelier,8.59,Manga (? vols),Jul 2016 -,https://myanimelist.net/manga/100035/Tongari_Boushi_no_Atelier
87,Spy x Family,8.59,Manga (? vols),Mar 2019 -,https://myanimelist.net/manga/119161/Spy_x_Family
88,Ginga Eiyuu Densetsu,8.59,Novel (10 vols),Nov 1982 - Nov 1987,https://myanimelist.net/manga/6978/Ginga_Eiyuu_Densetsu
89,Shigatsu wa Kimi no Uso,8.59,Manga (11 vols),Apr 2011 - Feb 2015,https://myanimelist.net/manga/37707/Shigatsu_wa_Kimi_no_Uso
90,Umineko no Naku Koro ni Chiru - Episode 7: Requiem of the Golden Witch,8.58,Manga (9 vols),Apr 2011 - Mar 2015,https://myanimelist.net/manga/23900/Umineko_no_Naku_Koro_ni_Chiru_-_Episode_7__Requiem_of_the_Golden_Witch
91,Wind Breaker,8.58,Manhwa (? vols),Dec 2013 -,https://myanimelist.net/manga/103237/Wind_Breaker
92,Jibaku Shounen Hanako-kun,8.58,Manga (? vols),Dec 2014 -,https://myanimelist.net/manga/105084/Jibaku_Shounen_Hanako-kun
93,Monogatari Series: Monster Season,8.58,Light Novel (6 vols),Jul 2017 - Aug 2021,https://myanimelist.net/manga/108177/Monogatari_Series__Monster_Season
94,Tian Guan Ci Fu,8.58,Manhua (? vols),Oct 2019 -,https://myanimelist.net/manga/140765/Tian_Guan_Ci_Fu
95,Skip Beat!,8.57,Manga (? vols),Feb 2002 -,https://myanimelist.net/manga/610/Skip_Beat
96,Neon Genesis Evangelion,8.57,Manga (14 vols),Dec 1994 - Jun 2013,https://myanimelist.net/manga/698/Neon_Genesis_Evangelion
97,JoJo no Kimyou na Bouken Part 4: Diamond wa Kudakenai,8.57,Manga (18 vols),Apr 1992 - Nov 1995,https://myanimelist.net/manga/3006/JoJo_no_Kimyou_na_Bouken_Part_4__Diamond_wa_Kudakenai
98,Pandora Hearts,8.57,Manga (24 vols),May 2006 - Mar 2015,https://myanimelist.net/manga/3031/Pandora_Hearts
99,Rurouni Kenshin: Meiji Kenkaku Romantan,8.56,Manga (28 vols),Apr 1994 - Sep 1999,https://myanimelist.net/manga/22/Rurouni_Kenshin__Meiji_Kenkaku_Romantan
100,Suzumiya Haruhi Series,8.56,Light Novel (? vols),Jun 2003 -,https://myanimelist.net/manga/3083/Suzumiya_Haruhi_Series
101,One Outs,8.56,Manga (20 vols),Nov 1998 - Aug 2006,https://myanimelist.net/manga/11327/One_Outs
102,Otoyomegatari,8.56,Manga (? vols),Oct 2008 -,https://myanimelist.net/manga/11514/Otoyomegatari
103,Diamond no Ace Act II,8.56,Manga (34 vols),Aug 2015 - Oct 2022,https://myanimelist.net/manga/92559/Diamond_no_Ace_Act_II
104,Blue Lock,8.56,Manga (? vols),Aug 2018 -,https://myanimelist.net/manga/114745/Blue_Lock
105,Tian Guan Ci Fu,8.55,Novel (6 vols),Feb 2021 - Mar 2022,https://myanimelist.net/manga/130826/Tian_Guan_Ci_Fu
106,Kara no Kyoukai: The Garden of Sinners,8.55,Light Novel (2 vols),Oct 1998 - Aug 1999,https://myanimelist.net/manga/2062/Kara_no_Kyoukai__The_Garden_of_Sinners
107,Chihayafuru,8.55,Manga (50 vols),Dec 2007 - Aug 2022,https://myanimelist.net/manga/13245/Chihayafuru
108,Tobaku Datenroku Kaiji: One Poker-hen,8.55,Manga (16 vols),Jun 2013 - Aug 2017,https://myanimelist.net/manga/61579/Tobaku_Datenroku_Kaiji__One_Poker-hen
109,Given,8.55,Manga (9 vols),Apr 2013 - Mar 2023,https://myanimelist.net/manga/79085/Given
110,Shuumatsu Nani Shitemasu ka? Isogashii desu ka? Sukutte Moratte Ii desu ka?,8.55,Light Novel (5 vols),Nov 2014 - Apr 2016,https://myanimelist.net/manga/81211/Shuumatsu_Nani_Shitemasu_ka_Isogashii_desu_ka_Sukutte_Moratte_Ii_desu_ka
111,Shingeki no Kyojin,8.55,Manga (34 vols),Sep 2009 - Apr 2021,https://myanimelist.net/manga/23390/Shingeki_no_Kyojin
112,Monogatari Series: Off Season,8.55,Light Novel (4 vols),Oct 2015 - Jan 2017,https://myanimelist.net/manga/93097/Monogatari_Series__Off_Season
113,Sasaki to Miyano,8.54,Manga (? vols),Feb 2016 -,https://myanimelist.net/manga/101396/Sasaki_to_Miyano
114,Kimi wa Houkago Insomnia,8.54,Manga (? vols),May 2019 -,https://myanimelist.net/manga/121213/Kimi_wa_Houkago_Insomnia
115,Souyaku Toaru Majutsu no Index,8.54,Light Novel (? vols),Feb 2020 -,https://myanimelist.net/manga/124374/Souyaku_Toaru_Majutsu_no_Index
116,Kamisama Hajimemashita,8.54,Manga (25 vols),Feb 2008 - May 2016,https://myanimelist.net/manga/8157/Kamisama_Hajimemashita
117,Kakukaku Shikajika,8.54,Manga (5 vols),Nov 2011 - Jan 2015,https://myanimelist.net/manga/44307/Kakukaku_Shikajika
118,Kidou Senshi Gundam: The Origin,8.53,Manga (24 vols),Jun 2001 - Jun 2014,https://myanimelist.net/manga/214/Kidou_Senshi_Gundam__The_Origin
119,Baccano!,8.53,Light Novel (22 vols),Feb 2003 - Aug 2016,https://myanimelist.net/manga/1342/Baccano
120,Watashitachi no Shiawase na Jikan,8.53,Manga (1 vols),Mar 2008 - Aug 2008,https://myanimelist.net/manga/11734/Watashitachi_no_Shiawase_na_Jikan
121,Fruits Basket,8.52,Manga (23 vols),Jul 1998 - Nov 2006,https://myanimelist.net/manga/102/Fruits_Basket
122,Fate/Zero,8.52,Light Novel (4 vols),Dec 2006 - Dec 2007,https://myanimelist.net/manga/3649/Fate_Zero
123,Jujutsu Kaisen,8.52,Manga (? vols),Mar 2018 -,https://myanimelist.net/manga/113138/Jujutsu_Kaisen
124,Otonari no Tenshi-sama ni Itsunomanika Dame Ningen ni Sareteita Ken,8.52,Light Novel (? vols),Jun 2019 -,https://myanimelist.net/manga/123649/Otonari_no_Tenshi-sama_ni_Itsunomanika_Dame_Ningen_ni_Sareteita_Ken
125,Sakamichi no Apollon,8.52,Manga (9 vols),Sep 2007 - Jan 2012,https://myanimelist.net/manga/28393/Sakamichi_no_Apollon
126,Tokyo Ghoul,8.52,Manga (14 vols),Sep 2011 - Sep 2014,https://myanimelist.net/manga/33327/Tokyo_Ghoul
127,Steins;Gate,8.51,Light Novel (5 vols),Jun 2011 - May 2012,https://myanimelist.net/manga/39859/Steins_Gate
128,Bungou Stray Dogs,8.51,Manga (? vols),Dec 2012 -,https://myanimelist.net/manga/56529/Bungou_Stray_Dogs
129,Bakemonogatari,8.51,Manga (22 vols),Mar 2018 - Mar 2023,https://myanimelist.net/manga/113010/Bakemonogatari
130,Skip to Loafer,8.51,Manga (? vols),Aug 2018 -,https://myanimelist.net/manga/118289/Skip_to_Loafer
131,Bastard,8.50,Manhwa (5 vols),Jul 2014 - May 2016,https://myanimelist.net/manga/111213/Bastard
132,19 Tian,8.50,Manhua (? vols),Oct 2018 -,https://myanimelist.net/manga/116312/19_Tian
133,Mo Dao Zu Shi,8.50,Novel (4 vols),Dec 2016 - Dec 2016,https://myanimelist.net/manga/121405/Mo_Dao_Zu_Shi
134,Umineko no Naku Koro ni Chiru - Episode 5: End of the Golden Witch,8.50,Manga (6 vols),Oct 2010 - Nov 2012,https://myanimelist.net/manga/21498/Umineko_no_Naku_Koro_ni_Chiru_-_Episode_5__End_of_the_Golden_Witch
135,Spirit Circle,8.50,Manga (6 vols),May 2012 - Mar 2016,https://myanimelist.net/manga/38071/Spirit_Circle
136,Chikan Otoko,8.50,Manga (? vols),2004 - 2004,https://myanimelist.net/manga/46282/Chikan_Otoko
137,Ouran Koukou Host Club,8.50,Manga (18 vols),Jul 2002 - Sep 2010,https://myanimelist.net/manga/30/Ouran_Koukou_Host_Club
138,Ping Pong,8.50,Manga (5 vols),1996 - 1997,https://myanimelist.net/manga/5744/Ping_Pong
139,Berserk: Shinen no Kami 2,8.50,One-shot (? vols),Jul 1996 - Jul 1996,https://myanimelist.net/manga/92299/Berserk__Shinen_no_Kami_2
140,Vanitas no Karte,8.50,Manga (? vols),Dec 2015 -,https://myanimelist.net/manga/93753/Vanitas_no_Karte
141,Shimanami Tasogare,8.50,Manga (4 vols),Mar 2015 - May 2018,https://myanimelist.net/manga/97244/Shimanami_Tasogare
142,Kimi no Suizou wo Tabetai,8.50,Manga (2 vols),Aug 2016 - May 2017,https://myanimelist.net/manga/104538/Kimi_no_Suizou_wo_Tabetai
143,Umineko no Naku Koro ni,8.50,Light Novel (8 vols),Jul 2009 - Aug 2010,https://myanimelist.net/manga/66517/Umineko_no_Naku_Koro_ni
144,"Ohayou, Ibarahime",8.50,Manga (6 vols),Nov 2014 - May 2017,https://myanimelist.net/manga/88639/Ohayou_Ibarahime
145,Tensei shitara Slime Datta Ken,8.49,Light Novel (? vols),May 2014 -,https://myanimelist.net/manga/87610/Tensei_shitara_Slime_Datta_Ken
146,The Fable,8.48,Manga (22 vols),Nov 2014 - Nov 2019,https://myanimelist.net/manga/87844/The_Fable
147,Cross Game,8.48,Manga (17 vols),Sep 2005 - Feb 2010,https://myanimelist.net/manga/1183/Cross_Game
148,Glass no Kamen,8.48,Manga (49 vols),Jan 1976 - May 2012,https://myanimelist.net/manga/1469/Glass_no_Kamen
149,Kyou kara Ore wa!!,8.48,Manga (38 vols),1988 - Oct 1997,https://myanimelist.net/manga/6812/Kyou_kara_Ore_wa
150,blanc,8.48,Manga (2 vols),Feb 2018 - Sep 2020,https://myanimelist.net/manga/112988/blanc
151,Hirayasumi,8.48,Manga (? vols),Apr 2021 -,https://myanimelist.net/manga/137303/Hirayasumi
152,JoJo no Kimyou na Bouken Part 8: JoJolion,8.48,Manga (27 vols),May 2011 - Aug 2021,https://myanimelist.net/manga/25515/JoJo_no_Kimyou_na_Bouken_Part_8__JoJolion
153,Hinamatsuri,8.48,Manga (19 vols),Jun 2010 - Jul 2020,https://myanimelist.net/manga/36413/Hinamatsuri
154,Eyeshield 21,8.47,Manga (37 vols),Jul 2002 - Jun 2009,https://myanimelist.net/manga/43/Eyeshield_21
155,Rainbow: Nisha Rokubou no Shichinin,8.47,Manga (22 vols),Nov 2002 - Jan 2010,https://myanimelist.net/manga/7482/Rainbow__Nisha_Rokubou_no_Shichinin
156,Kami nomi zo Shiru Sekai,8.47,Manga (26 vols),Apr 2008 - Apr 2014,https://myanimelist.net/manga/7519/Kami_nomi_zo_Shiru_Sekai
157,Billy Bat,8.47,Manga (20 vols),Oct 2008 - Aug 2016,https://myanimelist.net/manga/11054/Billy_Bat
158,Holyland,8.46,Manga (18 vols),Oct 2000 - May 2008,https://myanimelist.net/manga/3285/Holyland
159,Fullmetal Alchemist,8.46,Light Novel (7 vols),Feb 2003 - Apr 2010,https://myanimelist.net/manga/4658/Fullmetal_Alchemist
160,No Game No Life,8.46,Light Novel (? vols),Apr 2012 -,https://myanimelist.net/manga/48399/No_Game_No_Life
161,Yuukoku no Moriarty,8.46,Manga (? vols),Aug 2016 -,https://myanimelist.net/manga/100323/Yuukoku_no_Moriarty
162,Kusuriya no Hitorigoto,8.45,Manga (? vols),May 2017 -,https://myanimelist.net/manga/107562/Kusuriya_no_Hitorigoto
163,Doraemon,8.45,Manga (45 vols),Dec 1969 - 1996,https://myanimelist.net/manga/1032/Doraemon
164,Ookami to Koushinryou,8.45,Manga (16 vols),Sep 2007 - Dec 2017,https://myanimelist.net/manga/3299/Ookami_to_Koushinryou
165,Tomodachi Game,8.45,Manga (? vols),Dec 2013 -,https://myanimelist.net/manga/62795/Tomodachi_Game
166,Adachi to Shimamura,8.45,Light Novel (? vols),Oct 2012 -,https://myanimelist.net/manga/77597/Adachi_to_Shimamura
167,Yagate Kimi ni Naru: Saeki Sayaka ni Tsuite,8.45,Light Novel (3 vols),Nov 2018 - Mar 2020,https://myanimelist.net/manga/115506/Yagate_Kimi_ni_Naru__Saeki_Sayaka_ni_Tsuite
168,Here U Are,8.45,Manhua (? vols),Nov 2017 - Dec 2020,https://myanimelist.net/manga/119072/Here_U_Are
169,Umineko no Naku Koro ni Chiru - Episode 6: Dawn of the Golden Witch,8.44,Manga (6 vols),Nov 2010 - Nov 2012,https://myanimelist.net/manga/21499/Umineko_no_Naku_Koro_ni_Chiru_-_Episode_6__Dawn_of_the_Golden_Witch
170,Gekkan Shoujo Nozaki-kun,8.44,Manga (? vols),Aug 2011 -,https://myanimelist.net/manga/29211/Gekkan_Shoujo_Nozaki-kun
171,Barakamon,8.44,Manga (18 vols),Feb 2008 - Jan 2019,https://myanimelist.net/manga/17051/Barakamon
172,Who Made Me a Princess,8.44,Manhwa (9 vols),Dec 2017 - Apr 2022,https://myanimelist.net/manga/121269/Who_Made_Me_a_Princess
173,Mo Dao Zu Shi,8.44,Manhua (? vols),Dec 2017 - Oct 2022,https://myanimelist.net/manga/137200/Mo_Dao_Zu_Shi
174,Yubisaki to Renren,8.43,Manga (? vols),Jul 2019 -,https://myanimelist.net/manga/121504/Yubisaki_to_Renren
175,Horimiya,8.43,Manga (16 vols),Oct 2011 - Mar 2021,https://myanimelist.net/manga/42451/Horimiya
176,Blue Giant,8.43,Manga (10 vols),May 2013 - Aug 2016,https://myanimelist.net/manga/85719/Blue_Giant
177,Mugen no Juunin,8.43,Manga (30 vols),Jun 1993 - Dec 2012,https://myanimelist.net/manga/658/Mugen_no_Juunin
178,21st Century Boys,8.43,Manga (2 vols),Dec 2006 - Jul 2007,https://myanimelist.net/manga/743/21st_Century_Boys
179,Juuni Kokuki,8.42,Light Novel (? vols),Jun 1992 -,https://myanimelist.net/manga/3807/Juuni_Kokuki
180,Innocent Rouge,8.42,Manga (12 vols),May 2015 - Jan 2020,https://myanimelist.net/manga/93699/Innocent_Rouge
181,Bungou Stray Dogs,8.42,Light Novel (? vols),Apr 2014 -,https://myanimelist.net/manga/98380/Bungou_Stray_Dogs
182,Kage no Jitsuryokusha ni Naritakute!,8.42,Light Novel (? vols),Nov 2018 -,https://myanimelist.net/manga/115922/Kage_no_Jitsuryokusha_ni_Naritakute
183,Umineko no Naku Koro ni Chiru,8.42,Light Novel (7 vols),Jul 2012 - Sep 2018,https://myanimelist.net/manga/79993/Umineko_no_Naku_Koro_ni_Chiru
184,The Boxer,8.42,Manhwa (? vols),Dec 2019 - May 2022,https://myanimelist.net/manga/141120/The_Boxer
185,Omniscient Reader,8.42,Novel (? vols),Jan 2022 -,https://myanimelist.net/manga/143441/Omniscient_Reader
186,Youjo Senki,8.41,Light Novel (? vols),Oct 2013 -,https://myanimelist.net/manga/88930/Youjo_Senki
187,Dragon Ball,8.41,Manga (42 vols),Nov 1984 - May 1995,https://myanimelist.net/manga/42/Dragon_Ball
188,Nodame Cantabile,8.41,Manga (25 vols),Jul 2001 - Aug 2010,https://myanimelist.net/manga/419/Nodame_Cantabile
189,Tobaku Mokushiroku Kaiji,8.41,Manga (13 vols),Feb 1996 - Jul 1999,https://myanimelist.net/manga/3572/Tobaku_Mokushiroku_Kaiji
190,Kuroshitsuji,8.41,Manga (? vols),Sep 2006 -,https://myanimelist.net/manga/3866/Kuroshitsuji
191,Onanie Master Kurosawa,8.41,Manga (4 vols),Sep 2007 - Mar 2008,https://myanimelist.net/manga/8967/Onanie_Master_Kurosawa
192,Toaru Majutsu no Index,8.41,Light Novel (22 vols),Apr 2004 - Oct 2010,https://myanimelist.net/manga/12854/Toaru_Majutsu_no_Index
193,"Mata, Onaji Yume wo Miteita",8.41,Manga (3 vols),Sep 2017 - Aug 2018,https://myanimelist.net/manga/110160/Mata_Onaji_Yume_wo_Miteita
194,Hirano to Kagiura,8.41,Manga (? vols),Mar 2019 -,https://myanimelist.net/manga/119279/Hirano_to_Kagiura
195,Veil,8.41,Manga (? vols),Nov 2019 -,https://myanimelist.net/manga/132678/Veil
196,Nan Hao Shang Feng,8.41,Manhua (? vols),Apr 2021 -,https://myanimelist.net/manga/138533/Nan_Hao_Shang_Feng
197,Noragami,8.40,Manga (? vols),Dec 2010 -,https://myanimelist.net/manga/24692/Noragami
198,No.6,8.40,Novel (9 vols),Oct 2003 - Jun 2011,https://myanimelist.net/manga/26728/No6
199,Imawa no Kuni no Alice,8.40,Manga (18 vols),Nov 2010 - Mar 2016,https://myanimelist.net/manga/33031/Imawa_no_Kuni_no_Alice
200,Eleceed,8.40,Manhwa (? vols),Oct 2018 -,https://myanimelist.net/manga/147171/Eleceed
201,Gunnm,8.40,Manga (9 vols),Nov 1990 - Mar 1995,https://myanimelist.net/manga/768/Gunnm
202,Basara,8.40,Manga (27 vols),Aug 1990 - May 1998,https://myanimelist.net/manga/974/Basara
203,Tobaku Hakairoku Kaiji,8.40,Manga (13 vols),Nov 2000 - Apr 2004,https://myanimelist.net/manga/3573/Tobaku_Hakairoku_Kaiji
204,My Girl,8.40,Manga (5 vols),Jun 2006 - Sep 2010,https://myanimelist.net/manga/6164/My_Girl
205,The Breaker,8.40,Manhwa (10 vols),Jun 2007 - Jul 2010,https://myanimelist.net/manga/8586/The_Breaker
206,Shousetsu Akatsuki no Yona: Onaji Tsuki no Shita de,8.40,Light Novel (1 vols),Mar 2015 - Mar 2015,https://myanimelist.net/manga/87953/Shousetsu_Akatsuki_no_Yona__Onaji_Tsuki_no_Shita_de
207,Tensei shitara Slime Datta Ken,8.39,Manga (? vols),Mar 2015 -,https://myanimelist.net/manga/87609/Tensei_shitara_Slime_Datta_Ken
208,Koe no Katachi,8.39,One-shot (? vols),Jan 2011 - Jan 2011,https://myanimelist.net/manga/48621/Koe_no_Katachi
209,Yuru Camp△,8.39,Manga (? vols),May 2015 -,https://myanimelist.net/manga/94376/Yuru_Camp△
210,"Kumo desu ga, Nani ka?",8.39,Light Novel (16 vols),Dec 2015 - Jan 2022,https://myanimelist.net/manga/95012/Kumo_desu_ga_Nani_ka
211,Kimi no Na wa.,8.39,Manga (3 vols),May 2016 - Jan 2017,https://myanimelist.net/manga/99314/Kimi_no_Na_wa
212,Tower of God,8.39,Manhwa (? vols),Jul 2010 -,https://myanimelist.net/manga/122663/Tower_of_God
213,Medalist,8.39,Manga (? vols),May 2020 -,https://myanimelist.net/manga/129621/Medalist
214,Omniscient Reader,8.39,Manhwa (? vols),May 2020 -,https://myanimelist.net/manga/132214/Omniscient_Reader
215,The Legend of the Northern Blade,8.39,Manhwa (? vols),Dec 2019 -,https://myanimelist.net/manga/134744/The_Legend_of_the_Northern_Blade
216,Kaichou wa Maid-sama!,8.39,Manga (18 vols),Dec 2005 - Sep 2013,https://myanimelist.net/manga/2921/Kaichou_wa_Maid-sama
217,Bakuman.,8.39,Manga (20 vols),Aug 2008 - Apr 2012,https://myanimelist.net/manga/9711/Bakuman
218,Cardcaptor Sakura,8.38,Manga (12 vols),May 1996 - Jul 2000,https://myanimelist.net/manga/106/Cardcaptor_Sakura
219,Kiseijuu,8.38,Manga (10 vols),Nov 1989 - Dec 1995,https://myanimelist.net/manga/401/Kiseijuu
220,Dungeon Meshi,8.38,Manga (? vols),Feb 2014 -,https://myanimelist.net/manga/85781/Dungeon_Meshi
221,Shiori Experience: Jimi na Watashi to Hen na Ojisan,8.38,Manga (? vols),Oct 2013 -,https://myanimelist.net/manga/87397/Shiori_Experience__Jimi_na_Watashi_to_Hen_na_Ojisan
222,Toshokan no Daimajutsushi,8.38,Manga (? vols),Nov 2017 -,https://myanimelist.net/manga/110771/Toshokan_no_Daimajutsushi
223,Shadows House,8.38,Manga (? vols),Sep 2018 -,https://myanimelist.net/manga/115730/Shadows_House
224,Look Back,8.38,Manga (1 vols),Jul 2021 - Jul 2021,https://myanimelist.net/manga/138673/Look_Back
225,xxxHOLiC,8.37,Manga (19 vols),Feb 2003 - Feb 2011,https://myanimelist.net/manga/10/xxxHOLiC
226,SKET Dance,8.37,Manga (32 vols),Jul 2007 - Jul 2013,https://myanimelist.net/manga/1414/SKET_Dance
227,Nichijou,8.37,Manga (? vols),Jun 2006 -,https://myanimelist.net/manga/3082/Nichijou
228,Wotaku ni Koi wa Muzukashii,8.37,Manga (11 vols),Apr 2015 - Jul 2021,https://myanimelist.net/manga/89087/Wotaku_ni_Koi_wa_Muzukashii
229,Re:Zero kara Hajimeru Isekai Seikatsu Ex,8.37,Light Novel (? vols),Jun 2015 -,https://myanimelist.net/manga/95243/Re_Zero_kara_Hajimeru_Isekai_Seikatsu_Ex
230,Katanagatari,8.37,Light Novel (12 vols),Jan 2007 - Dec 2007,https://myanimelist.net/manga/18161/Katanagatari
231,The Breaker: New Waves,8.37,Manhwa (20 vols),Oct 2010 - May 2015,https://myanimelist.net/manga/22651/The_Breaker__New_Waves
232,Boku dake ga Inai Machi,8.37,Manga (9 vols),Jun 2012 - Nov 2016,https://myanimelist.net/manga/39325/Boku_dake_ga_Inai_Machi
233,Harukaze no Étranger,8.37,Manga (? vols),Jul 2014 -,https://myanimelist.net/manga/77609/Harukaze_no_Étranger
234,Machida-kun no Sekai,8.36,Manga (7 vols),Jun 2013 - Apr 2018,https://myanimelist.net/manga/58141/Machida-kun_no_Sekai
235,SQ: Begin W/Your Name!,8.36,Manhua (1 vols),Oct 2015 - Oct 2015,https://myanimelist.net/manga/93516/SQ__Begin_W_Your_Name
236,Homunculus,8.36,Manga (15 vols),Mar 2003 - Feb 2011,https://myanimelist.net/manga/936/Homunculus
237,Hadashi no Gen,8.36,Manga (10 vols),May 1973 - Sep 1974,https://myanimelist.net/manga/3281/Hadashi_no_Gen
238,Daichouhen Doraemon,8.36,Manga (24 vols),Jan 1980 - Mar 2004,https://myanimelist.net/manga/12471/Daichouhen_Doraemon
239,Song of the Long March,8.36,Manhua (? vols),Feb 2011 -,https://myanimelist.net/manga/42001/Song_of_the_Long_March
240,Ballroom e Youkoso,8.36,Manga (? vols),Nov 2011 -,https://myanimelist.net/manga/48347/Ballroom_e_Youkoso
241,Shimeji Simulation,8.35,Manga (? vols),Jan 2019 -,https://myanimelist.net/manga/117851/Shimeji_Simulation
242,Kieta Hatsukoi,8.35,Manga (9 vols),Jun 2019 - Jun 2022,https://myanimelist.net/manga/122906/Kieta_Hatsukoi
243,Mahoutsukai no Yome,8.35,Manga (? vols),Nov 2013 -,https://myanimelist.net/manga/61189/Mahoutsukai_no_Yome
244,Azumanga Daioh,8.35,Manga (4 vols),Jan 1999 - Mar 2002,https://myanimelist.net/manga/85/Azumanga_Daioh
245,Versailles no Bara,8.35,Manga (10 vols),1972 - 1973,https://myanimelist.net/manga/660/Versailles_no_Bara
246,Konjiki no Gash!!,8.35,Manga (33 vols),Jan 2001 - Dec 2007,https://myanimelist.net/manga/869/Konjiki_no_Gash
247,Kanata kara,8.35,Manga (14 vols),Sep 1991 - Jan 2003,https://myanimelist.net/manga/923/Kanata_kara
248,Buddha,8.35,Manga (14 vols),Sep 1972 - Nov 1983,https://myanimelist.net/manga/1111/Buddha
249,Black Jack,8.35,Manga (25 vols),Nov 1973 - Oct 1983,https://myanimelist.net/manga/1600/Black_Jack
